name,lastname,email,gender,phone,picture
Cristobal,Dominguez,cristobald@example.com,male,+569123123123,https://randomuser.me/api/portraits/men/75.jpg
Michèle,Lefevre,michele.lefevre@example.com,female,077 595 57 97,https://randomuser.me/api/portraits/women/61.jpg
Felix,Anderson,felix.anderson@example.com,male,158-949-5092,https://randomuser.me/api/portraits/men/82.jpg
Martin,Moore,martin.moore@example.com,male,041-845-4813,https://randomuser.me/api/portraits/men/21.jpg
Joshua,Scott,joshua.scott@example.com,male,(924)-692-4786,https://randomuser.me/api/portraits/men/52.jpg
کیمیا,قاسمی,khymy.qsmy@example.com,female,074-40738649,https://randomuser.me/api/portraits/women/19.jpg
Amelia,Denys,amelia.denys@example.com,female,547-194-0683,https://randomuser.me/api/portraits/women/50.jpg
Britta,Henze,britta.henze@example.com,female,0746-3033892,https://randomuser.me/api/portraits/women/74.jpg
Matthew,Singh,matthew.singh@example.com,male,(252)-858-1249,https://randomuser.me/api/portraits/men/25.jpg
Pilar,Parra,pilar.parra@example.com,female,941-761-322,https://randomuser.me/api/portraits/women/14.jpg
Théodore,Lopez,theodore.lopez@example.com,male,04-37-03-54-73,https://randomuser.me/api/portraits/men/75.jpg
Emily,Pelletier,emily.pelletier@example.com,female,207-426-7957,https://randomuser.me/api/portraits/women/27.jpg
Kerim,Aclan,kerim.aclan@example.com,male,(878)-303-4415,https://randomuser.me/api/portraits/men/96.jpg
Richard,Chevalier,richard.chevalier@example.com,male,078 758 33 90,https://randomuser.me/api/portraits/men/75.jpg
Väinö,Toro,vaino.toro@example.com,male,04-784-537,https://randomuser.me/api/portraits/men/9.jpg
Suzy,Oliveira,suzy.oliveira@example.com,female,(53) 1457-2630,https://randomuser.me/api/portraits/women/49.jpg
Angel,Rubio,angel.rubio@example.com,male,992-582-855,https://randomuser.me/api/portraits/men/38.jpg
Livia,Durand,livia.durand@example.com,female,01-15-40-62-61,https://randomuser.me/api/portraits/women/92.jpg
Francesca,Faure,francesca.faure@example.com,female,079 731 01 56,https://randomuser.me/api/portraits/women/46.jpg
Angus,Robinson,angus.robinson@example.com,male,(164)-118-1632,https://randomuser.me/api/portraits/men/98.jpg
Eric,Beck,eric.beck@example.com,male,00-6522-5867,https://randomuser.me/api/portraits/men/6.jpg
Isolino,Oliveira,isolino.oliveira@example.com,male,(49) 3604-1076,https://randomuser.me/api/portraits/men/61.jpg
Jacob,Rüdiger,jacob.rudiger@example.com,male,0234-7111533,https://randomuser.me/api/portraits/men/25.jpg
Luukas,Lehtonen,luukas.lehtonen@example.com,male,09-193-648,https://randomuser.me/api/portraits/men/85.jpg
Leo,Claire,leo.claire@example.com,male,523-595-8511,https://randomuser.me/api/portraits/men/35.jpg
Hector,Velasco,hector.velasco@example.com,male,936-952-162,https://randomuser.me/api/portraits/men/73.jpg
Eemeli,Manni,eemeli.manni@example.com,male,03-686-329,https://randomuser.me/api/portraits/men/94.jpg
Jeanette,Lynch,jeanette.lynch@example.com,female,08-0120-5436,https://randomuser.me/api/portraits/women/3.jpg
Manfred,Meyer,manfred.meyer@example.com,male,079 744 46 53,https://randomuser.me/api/portraits/men/37.jpg
Pelaio,Caldeira,pelaio.caldeira@example.com,male,(83) 0995-6363,https://randomuser.me/api/portraits/men/7.jpg
Molly,Evans,molly.evans@example.com,female,(175)-517-1571,https://randomuser.me/api/portraits/women/17.jpg
Esteban,Lopez,esteban.lopez@example.com,male,951-655-923,https://randomuser.me/api/portraits/men/80.jpg
Ümit,Koç,umit.koc@example.com,male,(346)-107-3786,https://randomuser.me/api/portraits/men/68.jpg
Alisa,Perko,alisa.perko@example.com,female,02-593-804,https://randomuser.me/api/portraits/women/58.jpg
رها,صدر,rh.sdr@example.com,female,003-62429662,https://randomuser.me/api/portraits/women/36.jpg
Noelia,Mora,noelia.mora@example.com,female,982-384-466,https://randomuser.me/api/portraits/women/88.jpg
Salvador,Jimenez,salvador.jimenez@example.com,male,923-606-208,https://randomuser.me/api/portraits/men/5.jpg
Ayla,Robinson,ayla.robinson@example.com,female,(055)-039-6773,https://randomuser.me/api/portraits/women/64.jpg
Craig,Boyd,craig.boyd@example.com,male,09-2902-1465,https://randomuser.me/api/portraits/men/62.jpg
Cian,Groenevelt,cian.groenevelt@example.com,male,(667)-795-4887,https://randomuser.me/api/portraits/men/59.jpg
Brian,Nguyen,brian.nguyen@example.com,male,077 430 25 56,https://randomuser.me/api/portraits/men/42.jpg
Kuzey,Babacan,kuzey.babacan@example.com,male,(795)-816-9709,https://randomuser.me/api/portraits/men/82.jpg
Johanne,Jensen,johanne.jensen@example.com,female,61038746,https://randomuser.me/api/portraits/women/20.jpg
Clara,Blanco,clara.blanco@example.com,female,992-764-154,https://randomuser.me/api/portraits/women/65.jpg
Daniel,Mortensen,daniel.mortensen@example.com,male,03886635,https://randomuser.me/api/portraits/men/70.jpg
Allie,Mccoy,allie.mccoy@example.com,female,015394 44964,https://randomuser.me/api/portraits/women/10.jpg
Elizabeth,Burton,elizabeth.burton@example.com,female,019467 56459,https://randomuser.me/api/portraits/women/41.jpg
Vitório,Farias,vitorio.farias@example.com,male,(25) 1938-7150,https://randomuser.me/api/portraits/men/85.jpg
Floyd,Reed,floyd.reed@example.com,male,061-151-3677,https://randomuser.me/api/portraits/men/95.jpg
Dolores,Perrin,dolores.perrin@example.com,female,075 943 57 41,https://randomuser.me/api/portraits/women/27.jpg
Mestan,Denkel,mestan.denkel@example.com,female,(706)-863-5131,https://randomuser.me/api/portraits/women/22.jpg
Miroslav,Perez,miroslav.perez@example.com,male,079 167 58 30,https://randomuser.me/api/portraits/men/64.jpg
Noelle,Rhodes,noelle.rhodes@example.com,female,05-3156-7302,https://randomuser.me/api/portraits/women/28.jpg
Caitlin,Roberts,caitlin.roberts@example.com,female,(509)-059-2486,https://randomuser.me/api/portraits/women/28.jpg
Lilly,Oppermann,lilly.oppermann@example.com,female,0171-4575427,https://randomuser.me/api/portraits/women/56.jpg
Andrea,Olsen,andrea.olsen@example.com,female,22785622,https://randomuser.me/api/portraits/women/94.jpg
آوین,علیزاده,awyn.aalyzdh@example.com,female,091-77995355,https://randomuser.me/api/portraits/women/49.jpg
Paige,Brown,paige.brown@example.com,female,(534)-062-3249,https://randomuser.me/api/portraits/women/30.jpg
Justine,Schwarze,justine.schwarze@example.com,female,0339-8543015,https://randomuser.me/api/portraits/women/3.jpg
علی,نكو نظر,aaly.nkwnzr@example.com,male,043-59765063,https://randomuser.me/api/portraits/men/97.jpg
Ceyhan,Ağaoğlu,ceyhan.agaoglu@example.com,female,(403)-577-4491,https://randomuser.me/api/portraits/women/9.jpg
Kayla,Morris,kayla.morris@example.com,female,(106)-117-2954,https://randomuser.me/api/portraits/women/30.jpg
Daniela,Santana,daniela.santana@example.com,female,939-884-991,https://randomuser.me/api/portraits/women/95.jpg
Anaïs,Gonzalez,anais.gonzalez@example.com,female,02-21-25-84-60,https://randomuser.me/api/portraits/women/92.jpg
Aiza,Lode,aiza.lode@example.com,female,32814103,https://randomuser.me/api/portraits/women/87.jpg
Ron,Mckinney,ron.mckinney@example.com,male,(944)-830-6106,https://randomuser.me/api/portraits/men/49.jpg
Marie-Louise,Gauthier,marie-louise.gauthier@example.com,female,077 203 27 31,https://randomuser.me/api/portraits/women/74.jpg
Tino,Perez,tino.perez@example.com,male,079 297 44 89,https://randomuser.me/api/portraits/men/50.jpg
Oona,Rintala,oona.rintala@example.com,female,03-517-684,https://randomuser.me/api/portraits/women/51.jpg
Lison,Nicolas,lison.nicolas@example.com,female,03-76-33-54-68,https://randomuser.me/api/portraits/women/44.jpg
Aristides,Vieira,aristides.vieira@example.com,male,(16) 9028-1859,https://randomuser.me/api/portraits/men/54.jpg
Alfonso,Gallardo,alfonso.gallardo@example.com,male,954-727-195,https://randomuser.me/api/portraits/men/82.jpg
Caleb,Gomez,caleb.gomez@example.com,male,00-9079-6289,https://randomuser.me/api/portraits/men/0.jpg
Aidan,Hall,aidan.hall@example.com,male,(658)-636-2558,https://randomuser.me/api/portraits/men/80.jpg
Solveig,Gebhard,solveig.gebhard@example.com,female,0455-7973558,https://randomuser.me/api/portraits/women/54.jpg
Jayda,Van Ravenstein,jayda.vanravenstein@example.com,female,(990)-163-2529,https://randomuser.me/api/portraits/women/84.jpg
Efe,Uluhan,efe.uluhan@example.com,male,(888)-933-5663,https://randomuser.me/api/portraits/men/59.jpg
Lorena,Pierre,lorena.pierre@example.com,female,076 569 36 69,https://randomuser.me/api/portraits/women/17.jpg
بهاره,حیدری,bhrh.hydry@example.com,female,039-26650669,https://randomuser.me/api/portraits/women/46.jpg
Ömür,Pekkan,omur.pekkan@example.com,female,(690)-133-3018,https://randomuser.me/api/portraits/women/95.jpg
Jeremia,Borkent,jeremia.borkent@example.com,male,(317)-604-8821,https://randomuser.me/api/portraits/men/64.jpg
Chloe,Chu,chloe.chu@example.com,female,603-043-5743,https://randomuser.me/api/portraits/women/8.jpg
Zoraida,Moreira,zoraida.moreira@example.com,female,(73) 2689-1128,https://randomuser.me/api/portraits/women/56.jpg
Jasmine,Smith,jasmine.smith@example.com,female,694-963-4016,https://randomuser.me/api/portraits/women/23.jpg
Holly,Brown,holly.brown@example.com,female,(180)-704-1762,https://randomuser.me/api/portraits/women/28.jpg
Brage,Olaisen,brage.olaisen@example.com,male,86197151,https://randomuser.me/api/portraits/men/79.jpg
Braxton,Thomas,braxton.thomas@example.com,male,(641)-494-6449,https://randomuser.me/api/portraits/men/7.jpg
Scott,Carter,scott.carter@example.com,male,041-582-0710,https://randomuser.me/api/portraits/men/36.jpg
Elijah,Lucas,elijah.lucas@example.com,male,011-348-2622,https://randomuser.me/api/portraits/men/16.jpg
Farah,Brekke,farah.brekke@example.com,female,53507639,https://randomuser.me/api/portraits/women/40.jpg
Frederik,Johansen,frederik.johansen@example.com,male,98858709,https://randomuser.me/api/portraits/men/7.jpg
Aramis,Moraes,aramis.moraes@example.com,male,(75) 8407-5976,https://randomuser.me/api/portraits/men/65.jpg
Veeti,Nevala,veeti.nevala@example.com,male,08-531-526,https://randomuser.me/api/portraits/men/88.jpg
Ernest,Aubert,ernest.aubert@example.com,male,077 627 23 46,https://randomuser.me/api/portraits/men/81.jpg
Iver,Rashid,iver.rashid@example.com,male,65671025,https://randomuser.me/api/portraits/men/71.jpg
Jasmine,Ginnish,jasmine.ginnish@example.com,female,767-104-2187,https://randomuser.me/api/portraits/women/49.jpg
Rose,Jackson,rose.jackson@example.com,female,(185)-216-4406,https://randomuser.me/api/portraits/women/82.jpg
Marcus,Davies,marcus.davies@example.com,male,(838)-865-2741,https://randomuser.me/api/portraits/men/65.jpg
Caroline,Smith,caroline.smith@example.com,female,0181 709 4357,https://randomuser.me/api/portraits/women/72.jpg
Marian,Perez,marian.perez@example.com,female,06-9520-8029,https://randomuser.me/api/portraits/women/96.jpg
میلاد,سهيلي راد,myld.shylyrd@example.com,male,008-80362424,https://randomuser.me/api/portraits/men/18.jpg
Frederikke,Andersen,frederikke.andersen@example.com,male,28202950,https://randomuser.me/api/portraits/men/36.jpg
Sylvia,Riley,sylvia.riley@example.com,female,02-5965-2023,https://randomuser.me/api/portraits/women/64.jpg
Marius,Hansen,marius.hansen@example.com,male,69369439,https://randomuser.me/api/portraits/men/95.jpg
Camilla,Gerard,camilla.gerard@example.com,female,078 671 78 56,https://randomuser.me/api/portraits/women/56.jpg
آراد,محمدخان,ard.mhmdkhn@example.com,male,049-67823760,https://randomuser.me/api/portraits/men/38.jpg
Carmelo,Pastor,carmelo.pastor@example.com,male,901-216-962,https://randomuser.me/api/portraits/men/34.jpg
Roy,Carter,roy.carter@example.com,male,016977 91682,https://randomuser.me/api/portraits/men/14.jpg
Eugene,Price,eugene.price@example.com,male,031-552-9979,https://randomuser.me/api/portraits/men/22.jpg
Afşar,Kasapoğlu,afsar.kasapoglu@example.com,female,(265)-413-7786,https://randomuser.me/api/portraits/women/33.jpg
Daisy,Nicolas,daisy.nicolas@example.com,female,076 829 11 68,https://randomuser.me/api/portraits/women/68.jpg
Margrethe,Martinussen,margrethe.martinussen@example.com,female,21876662,https://randomuser.me/api/portraits/women/89.jpg
Kübra,Kulaksızoğlu,kubra.kulaksizoglu@example.com,female,(345)-451-4075,https://randomuser.me/api/portraits/women/46.jpg
Maeva,Morin,maeva.morin@example.com,female,153-147-8464,https://randomuser.me/api/portraits/women/51.jpg
Péricles,da Costa,pericles.dacosta@example.com,male,(79) 9620-7846,https://randomuser.me/api/portraits/men/82.jpg
Albin,Sanchez,albin.sanchez@example.com,male,079 958 77 52,https://randomuser.me/api/portraits/men/82.jpg
Ceylan,Özgörkey,ceylan.ozgorkey@example.com,female,(061)-952-0093,https://randomuser.me/api/portraits/women/50.jpg
Emma,Latvala,emma.latvala@example.com,female,04-647-531,https://randomuser.me/api/portraits/women/76.jpg
Alexander,Zhang,alexander.zhang@example.com,male,(112)-857-3749,https://randomuser.me/api/portraits/men/62.jpg
Julien,Thomas,julien.thomas@example.com,male,078 614 91 95,https://randomuser.me/api/portraits/men/81.jpg
رضا,کامروا,rd.khmrw@example.com,male,044-27840142,https://randomuser.me/api/portraits/men/5.jpg
Cathy,Boyd,cathy.boyd@example.com,female,(637)-938-4439,https://randomuser.me/api/portraits/women/39.jpg
Oya,Topaloğlu,oya.topaloglu@example.com,female,(477)-658-6858,https://randomuser.me/api/portraits/women/70.jpg
Mathilde,Andersen,mathilde.andersen@example.com,female,66702716,https://randomuser.me/api/portraits/women/50.jpg
Aubree,Fortin,aubree.fortin@example.com,female,920-126-1951,https://randomuser.me/api/portraits/women/33.jpg
Florian,Dufour,florian.dufour@example.com,male,03-11-81-56-09,https://randomuser.me/api/portraits/men/3.jpg
پارمیس,پارسا,prmys.prs@example.com,female,066-85433264,https://randomuser.me/api/portraits/women/88.jpg
Jordi,Jimenez,jordi.jimenez@example.com,male,947-740-406,https://randomuser.me/api/portraits/men/14.jpg
Sophia,Cooper,sophia.cooper@example.com,female,(030)-142-3189,https://randomuser.me/api/portraits/women/11.jpg
Pippa,Thomas,pippa.thomas@example.com,female,(780)-796-8823,https://randomuser.me/api/portraits/women/72.jpg
Alex,Wright,alex.wright@example.com,female,071-375-4340,https://randomuser.me/api/portraits/women/19.jpg
سام,جعفری,sm.jaafry@example.com,male,027-37253847,https://randomuser.me/api/portraits/men/36.jpg
Côme,Berger,come.berger@example.com,male,01-74-80-54-64,https://randomuser.me/api/portraits/men/94.jpg
Carter,Morin,carter.morin@example.com,male,627-665-1644,https://randomuser.me/api/portraits/men/65.jpg
Samu,Saarinen,samu.saarinen@example.com,male,04-659-143,https://randomuser.me/api/portraits/men/18.jpg
Esther,Sanchez,esther.sanchez@example.com,female,929-294-773,https://randomuser.me/api/portraits/women/7.jpg
Lourdes,Cano,lourdes.cano@example.com,female,972-318-329,https://randomuser.me/api/portraits/women/38.jpg
Samuel,Williams,samuel.williams@example.com,male,287-618-4524,https://randomuser.me/api/portraits/men/1.jpg
Emira,Van Blokland,emira.vanblokland@example.com,female,(536)-279-0394,https://randomuser.me/api/portraits/women/43.jpg
Nanci,Duarte,nanci.duarte@example.com,female,(40) 5683-3396,https://randomuser.me/api/portraits/women/14.jpg
Elias,Puro,elias.puro@example.com,male,03-299-133,https://randomuser.me/api/portraits/men/91.jpg
Macit,Yeşilkaya,macit.yesilkaya@example.com,male,(921)-992-1159,https://randomuser.me/api/portraits/men/40.jpg
Charlotte,Leroy,charlotte.leroy@example.com,female,03-92-68-52-40,https://randomuser.me/api/portraits/women/82.jpg
Lena,Angell,lena.angell@example.com,female,23276061,https://randomuser.me/api/portraits/women/1.jpg
Ömür,Taşlı,omur.tasli@example.com,female,(586)-444-8756,https://randomuser.me/api/portraits/women/55.jpg
Kajus,Storesund,kajus.storesund@example.com,male,70370542,https://randomuser.me/api/portraits/men/40.jpg
Lola,das Neves,lola.dasneves@example.com,female,(90) 2323-1100,https://randomuser.me/api/portraits/women/47.jpg
Lucy,Moore,lucy.moore@example.com,female,(186)-912-7054,https://randomuser.me/api/portraits/women/19.jpg
مریم,رضایی,mrym.rdyy@example.com,female,014-70317483,https://randomuser.me/api/portraits/women/5.jpg
Sara,Kumpula,sara.kumpula@example.com,female,04-078-787,https://randomuser.me/api/portraits/women/73.jpg
Vildan,Tokatlıoğlu,vildan.tokatlioglu@example.com,female,(676)-147-4360,https://randomuser.me/api/portraits/women/37.jpg
Jake,Roberts,jake.roberts@example.com,male,(058)-029-6846,https://randomuser.me/api/portraits/men/94.jpg
Adílio,Rezende,adilio.rezende@example.com,male,(64) 1637-2497,https://randomuser.me/api/portraits/men/32.jpg
Victor,Ross,victor.ross@example.com,male,490-137-0072,https://randomuser.me/api/portraits/men/46.jpg
Jenifer,Van der Leest,jenifer.vanderleest@example.com,female,(643)-703-9900,https://randomuser.me/api/portraits/women/79.jpg
Isabella,Gagné,isabella.gagne@example.com,female,114-542-4930,https://randomuser.me/api/portraits/women/11.jpg
Dianne,Franklin,dianne.franklin@example.com,female,08-0983-4127,https://randomuser.me/api/portraits/women/67.jpg
James,Taylor,james.taylor@example.com,male,(662)-495-9758,https://randomuser.me/api/portraits/men/60.jpg
Blake,Ma,blake.ma@example.com,male,746-345-9198,https://randomuser.me/api/portraits/men/72.jpg
Cecilie,Bakk,cecilie.bakk@example.com,female,61732157,https://randomuser.me/api/portraits/women/49.jpg
Cora,Aragão,cora.aragao@example.com,female,(60) 0272-8599,https://randomuser.me/api/portraits/women/1.jpg
Carmelo,Peña,carmelo.pena@example.com,male,936-633-941,https://randomuser.me/api/portraits/men/95.jpg
Everarda,Beverloo,everarda.beverloo@example.com,female,(218)-615-1935,https://randomuser.me/api/portraits/women/27.jpg
Wallace,Rose,wallace.rose@example.com,male,016974 65672,https://randomuser.me/api/portraits/men/23.jpg
Hilla,Halla,hilla.halla@example.com,female,08-006-304,https://randomuser.me/api/portraits/women/60.jpg
Lena,Vidal,lena.vidal@example.com,female,075 353 00 55,https://randomuser.me/api/portraits/women/92.jpg
Georgia,Williams,georgia.williams@example.com,female,(182)-086-4216,https://randomuser.me/api/portraits/women/46.jpg
Joy,Duncan,joy.duncan@example.com,female,08-2497-9890,https://randomuser.me/api/portraits/women/35.jpg
Genesis,Rogers,genesis.rogers@example.com,female,09-7945-8053,https://randomuser.me/api/portraits/women/51.jpg
Indira,Peixoto,indira.peixoto@example.com,female,(16) 4411-4530,https://randomuser.me/api/portraits/women/42.jpg
Jussara,Lima,jussara.lima@example.com,female,(98) 4742-7175,https://randomuser.me/api/portraits/women/53.jpg
Thorbjørn,Tonning,thorbjorn.tonning@example.com,male,86088357,https://randomuser.me/api/portraits/men/8.jpg
Sarah,Wilson,sarah.wilson@example.com,female,(564)-033-9461,https://randomuser.me/api/portraits/women/90.jpg
Zoe,Martinez,zoe.martinez@example.com,female,08-7957-8241,https://randomuser.me/api/portraits/women/86.jpg
Linn,Østvold,linn.ostvold@example.com,female,27127564,https://randomuser.me/api/portraits/women/60.jpg
Yahya,Grongstad,yahya.grongstad@example.com,male,37233540,https://randomuser.me/api/portraits/men/49.jpg
Diego,Pastor,diego.pastor@example.com,male,999-896-969,https://randomuser.me/api/portraits/men/5.jpg
Becky,Hale,becky.hale@example.com,female,017684 60471,https://randomuser.me/api/portraits/women/57.jpg
محمد,قاسمی,mhmd.qsmy@example.com,male,086-15182683,https://randomuser.me/api/portraits/men/39.jpg
Francesco,Holler,francesco.holler@example.com,male,0008-9181231,https://randomuser.me/api/portraits/men/12.jpg
Fatih,Kahveci,fatih.kahveci@example.com,male,(067)-355-5729,https://randomuser.me/api/portraits/men/78.jpg
Okan,Köybaşı,okan.koybasi@example.com,male,(617)-928-5524,https://randomuser.me/api/portraits/men/40.jpg
Hortênsia,Moreira,hortensia.moreira@example.com,female,(69) 4396-3716,https://randomuser.me/api/portraits/women/92.jpg
Krin,Larson,krin.larson@example.com,female,(192)-863-1231,https://randomuser.me/api/portraits/women/8.jpg
مهدیس,پارسا,mhdys.prs@example.com,female,088-81684456,https://randomuser.me/api/portraits/women/38.jpg
Juliette,Nguyen,juliette.nguyen@example.com,female,03-54-05-84-51,https://randomuser.me/api/portraits/women/44.jpg
Rita,Robinson,rita.robinson@example.com,female,(802)-726-8333,https://randomuser.me/api/portraits/women/81.jpg
Henry,Hall,henry.hall@example.com,male,(307)-840-1252,https://randomuser.me/api/portraits/men/96.jpg
رضا,گلشن,rd.glshn@example.com,male,000-34235893,https://randomuser.me/api/portraits/men/36.jpg
Ege,Arıcan,ege.arican@example.com,female,(457)-968-5271,https://randomuser.me/api/portraits/women/38.jpg
Micaela,Silveira,micaela.silveira@example.com,female,(50) 3263-2298,https://randomuser.me/api/portraits/women/53.jpg
Mitchell,Russell,mitchell.russell@example.com,male,(818)-834-7112,https://randomuser.me/api/portraits/men/31.jpg
Terrence,Nijdam,terrence.nijdam@example.com,male,(644)-484-2541,https://randomuser.me/api/portraits/men/18.jpg
Luc,Morin,luc.morin@example.com,male,075 103 48 35,https://randomuser.me/api/portraits/men/31.jpg
Eino,Hiltunen,eino.hiltunen@example.com,male,03-811-774,https://randomuser.me/api/portraits/men/28.jpg
Bianca,Budde,bianca.budde@example.com,female,0381-4243771,https://randomuser.me/api/portraits/women/74.jpg
Barb,Brown,barb.brown@example.com,female,031-306-9614,https://randomuser.me/api/portraits/women/80.jpg
Veronika,Francois,veronika.francois@example.com,female,077 361 43 42,https://randomuser.me/api/portraits/women/10.jpg
Bill,Geutjes,bill.geutjes@example.com,male,(712)-998-0608,https://randomuser.me/api/portraits/men/68.jpg
Alcino,da Rocha,alcino.darocha@example.com,male,(09) 1303-8219,https://randomuser.me/api/portraits/men/7.jpg
Jan,Dupont,jan.dupont@example.com,male,075 045 93 13,https://randomuser.me/api/portraits/men/38.jpg